edition_id,city_id,ad_category_id,quarter,raw_ad_revenue,currency,ad_revenue_in_inr,comments
ED1005,C005,A001,2023-Q2,22613.69,EUR,1922163.65,
ED1005,C005,A002,2019-Q1,39366.88,USD,3149350.4,
ED1001,C001,A003,2023-Q3,3709860.0,INR,3709860.0,
ED1003,C003,A002,2023-Q3,40969.55,USD,3277564.0,
ED1007,C007,A003,2020-Q4,51779.4,USD,4142352.0,
ED1001,C001,A001,2024-Q2,4790190.0,INR,4790190.0,
ED1001,C001,A003,2024-Q2,4571581.0,INR,4571581.0,
ED1003,C003,A002,2019-Q1,2719829.0,INR,2719829.0,
ED1005,C005,A002,2019-Q2,3071973.0,INR,3071973.0,
ED1006,C006,A001,2021-Q3,1555116.0,INR,1555116.0,
ED1010,C010,A002,2023-Q4,4669088.0,INR,4669088.0,
ED1007,C007,A002,2020-Q2,4955352.0,INR,4955352.0,
ED1001,C001,A002,2022-Q2,49883.14,EUR,4240066.9,
ED1002,C002,A003,2021-Q2,4450464.0,INR,4450464.0,
ED1006,C006,A001,2024-Q4,1034680.0,INR,1034680.0,
ED1005,C005,A003,2022-Q2,1348728.0,INR,1348728.0,
ED1002,C002,A004,2020-Q1,1268118.0,INR,1268118.0,
ED1009,C009,A004,2023-Q2,2924089.0,INR,2924089.0,
ED1004,C004,A002,2022-Q3,2576243.0,INR,2576243.0,
ED1003,C003,A002,2024-Q4,27357.18,USD,2188574.4,
ED1007,C007,A004,2020-Q1,4539802.0,INR,4539802.0,
ED1006,C006,A003,2019-Q3,3066125.0,INR,3066125.0,Seasonal drop in demand
ED1001,C001,A002,2021-Q4,4288952.0,INR,4288952.0,
ED1010,C010,A001,2022-Q1,2750538.0,INR,2750538.0,
ED1007,C007,A003,2022-Q4,4542127.0,INR,4542127.0,
ED1005,C005,A001,2021-Q4,2013545.0,INR,2013545.0,
ED1004,C004,A001,2022-Q1,4448644.0,INR,4448644.0,
ED1003,C003,A001,2024-Q3,4048442.0,INR,4048442.0,
ED1002,C002,A002,2023-Q1,1924178.0,INR,1924178.0,
ED1002,C002,A004,2024-Q1,1020381.0,INR,1020381.0,
ED1006,C006,A003,2023-Q4,4644944.0,INR,4644944.0,
ED1006,C006,A004,2019-Q2,4384750.0,INR,4384750.0,
ED1005,C005,A002,2023-Q1,2445554.0,INR,2445554.0,
ED1006,C006,A004,2020-Q2,4843897.0,INR,4843897.0,
ED1008,C008,A004,2024-Q3,3051940.0,INR,3051940.0,
ED1009,C009,A001,2024-Q1,2561869.0,INR,2561869.0,
ED1010,C010,A001,2024-Q3,2354447.0,INR,2354447.0,
ED1008,C008,A001,2024-Q2,1388920.0,INR,1388920.0,
ED1009,C009,A002,2019-Q3,16343.53,USD,1307482.4000000001,
ED1007,C007,A003,2024-Q1,3348030.0,INR,3348030.0,
ED1005,C005,A002,2020-Q1,4107380.0,INR,4107380.0,
ED1002,C002,A003,2024-Q2,1245991.0,INR,1245991.0,Festive push
ED1001,C001,A002,2023-Q1,1295165.0,INR,1295165.0,New FMCG client onboarded
ED1010,C010,A004,2024-Q2,3119807.0,INR,3119807.0,
ED1006,C006,A001,2023-Q3,4624468.0,INR,4624468.0,
ED1002,C002,A001,2019-Q1,1982122.0,INR,1982122.0,
ED1005,C005,A001,2023-Q3,3430992.0,INR,3430992.0,
ED1009,C009,A004,2020-Q4,25800.81,EUR,2193068.85,
ED1010,C010,A001,2019-Q2,51151.89,USD,4092151.2,
ED1002,C002,A001,2019-Q2,3111682.0,INR,3111682.0,
ED1008,C008,A003,2020-Q3,41630.06,EUR,3538555.0999999996,
ED1010,C010,A002,2021-Q1,3077410.0,INR,3077410.0,
ED1007,C007,A002,2019-Q2,1537804.0,INR,1537804.0,
ED1009,C009,A003,2020-Q2,3950094.0,INR,3950094.0,
ED1002,C002,A001,2023-Q4,1158282.0,INR,1158282.0,
ED1005,C005,A001,2024-Q2,3610193.0,INR,3610193.0,
ED1003,C003,A002,2024-Q3,4525881.0,INR,4525881.0,
ED1003,C003,A001,2024-Q4,1557675.0,INR,1557675.0,
ED1002,C002,A001,2020-Q1,42184.81,USD,3374784.8,
ED1005,C005,A003,2022-Q2,36630.11,EUR,3113559.35,
ED1008,C008,A004,2021-Q2,2501403.0,INR,2501403.0,
ED1001,C001,A003,2019-Q4,1890078.0,INR,1890078.0,
ED1002,C002,A003,2019-Q3,1433751.0,INR,1433751.0,
ED1006,C006,A002,2021-Q4,30096.2,EUR,2558177.0,
ED1004,C004,A001,2021-Q4,4335023.0,INR,4335023.0,
ED1002,C002,A004,2021-Q1,2639961.0,INR,2639961.0,
ED1010,C010,A001,2019-Q3,1918764.0,INR,1918764.0,
ED1003,C003,A001,2019-Q4,21393.41,EUR,1818439.85,
ED1008,C008,A003,2020-Q4,1837077.0,INR,1837077.0,
ED1009,C009,A004,2020-Q3,2947293.0,INR,2947293.0,
ED1010,C010,A001,2020-Q3,49269.6,USD,3941568.0,
ED1006,C006,A003,2023-Q1,3928163.0,INR,3928163.0,
ED1002,C002,A002,2019-Q4,20040.84,USD,1603267.2,
ED1006,C006,A001,2020-Q4,1282723.0,INR,1282723.0,
ED1003,C003,A001,2019-Q2,3213538.0,INR,3213538.0,
ED1008,C008,A001,2021-Q3,2523860.0,INR,2523860.0,
ED1009,C009,A001,2019-Q2,46429.08,EUR,3946471.8000000003,
ED1005,C005,A001,2023-Q3,4085719.0,INR,4085719.0,
ED1010,C010,A003,2024-Q3,4763723.0,INR,4763723.0,
ED1004,C004,A002,2021-Q3,3079147.0,INR,3079147.0,
ED1008,C008,A002,2021-Q2,3852657.0,INR,3852657.0,Real estate slowdown
ED1005,C005,A001,2020-Q3,49897.98,USD,3991838.4000000004,
ED1003,C003,A002,2023-Q1,3981935.0,INR,3981935.0,
ED1005,C005,A001,2019-Q4,3826439.0,INR,3826439.0,
ED1001,C001,A003,2021-Q3,4270354.0,INR,4270354.0,
ED1007,C007,A004,2024-Q4,1153858.0,INR,1153858.0,
ED1008,C008,A001,2022-Q4,3729500.0,INR,3729500.0,
ED1004,C004,A001,2020-Q2,2759067.0,INR,2759067.0,
ED1007,C007,A003,2021-Q1,1940221.0,INR,1940221.0,
ED1010,C010,A002,2020-Q1,14187.22,EUR,1205913.7,
ED1004,C004,A001,2020-Q3,22253.79,EUR,1891572.1500000001,
ED1001,C001,A003,2023-Q3,3552316.0,INR,3552316.0,New FMCG client onboarded
ED1003,C003,A003,2024-Q2,3459556.0,INR,3459556.0,
ED1005,C005,A003,2023-Q1,1351953.0,INR,1351953.0,
ED1003,C003,A002,2021-Q3,1691552.0,INR,1691552.0,
ED1005,C005,A002,2024-Q1,1142518.0,INR,1142518.0,
ED1002,C002,A004,2019-Q2,2528929.0,INR,2528929.0,
ED1001,C001,A001,2019-Q1,26280.06,USD,2102404.8000000003,
ED1008,C008,A003,2022-Q3,4520446.0,INR,4520446.0,
ED1002,C002,A004,2022-Q1,4720623.0,INR,4720623.0,
ED1005,C005,A003,2019-Q2,3322438.0,INR,3322438.0,
ED1010,C010,A004,2024-Q3,2246906.0,INR,2246906.0,
ED1005,C005,A001,2020-Q4,23367.57,EUR,1986243.45,
ED1005,C005,A004,2024-Q2,16719.09,EUR,1421122.65,
ED1003,C003,A002,2024-Q2,59387.54,USD,4751003.2,
ED1005,C005,A004,2024-Q4,56656.18,USD,4532494.4,
ED1003,C003,A003,2022-Q1,1554365.0,INR,1554365.0,
ED1004,C004,A003,2020-Q3,2928356.0,INR,2928356.0,
ED1004,C004,A002,2019-Q4,4826050.0,INR,4826050.0,
ED1010,C010,A004,2019-Q4,3321909.0,INR,3321909.0,
ED1002,C002,A004,2022-Q4,3227168.0,INR,3227168.0,
ED1007,C007,A001,2020-Q3,2411207.0,INR,2411207.0,
ED1009,C009,A002,2022-Q4,35852.82,USD,2868225.6,
ED1002,C002,A003,2020-Q3,2557019.0,INR,2557019.0,
ED1008,C008,A004,2019-Q4,1722331.0,INR,1722331.0,
ED1005,C005,A002,2022-Q2,1962224.0,INR,1962224.0,
ED1006,C006,A003,2020-Q2,3737166.0,INR,3737166.0,
ED1001,C001,A002,2024-Q1,37534.53,EUR,3190435.05,
ED1009,C009,A004,2019-Q2,4958821.0,INR,4958821.0,
ED1001,C001,A004,2021-Q3,1657516.0,INR,1657516.0,
ED1001,C001,A004,2024-Q4,3845449.0,INR,3845449.0,
ED1006,C006,A001,2022-Q1,1744690.0,INR,1744690.0,
ED1009,C009,A001,2022-Q4,4564855.0,INR,4564855.0,
ED1001,C001,A004,2022-Q3,11891.54,EUR,1010780.9,
ED1005,C005,A001,2019-Q3,3003364.0,INR,3003364.0,
ED1001,C001,A001,2024-Q4,2534011.0,INR,2534011.0,
ED1006,C006,A002,2021-Q2,2946807.0,INR,2946807.0,
ED1010,C010,A003,2019-Q2,13495.47,USD,1079637.5999999999,
ED1009,C009,A004,2020-Q1,13526.54,EUR,1149755.9000000001,
ED1007,C007,A002,2021-Q3,12470.92,EUR,1060028.2,
ED1010,C010,A003,2021-Q1,3846340.0,INR,3846340.0,
ED1006,C006,A001,2024-Q1,4998136.0,INR,4998136.0,
ED1004,C004,A004,2019-Q2,3832278.0,INR,3832278.0,
ED1008,C008,A004,2023-Q1,44367.25,USD,3549380.0,
ED1005,C005,A001,2022-Q4,43816.46,USD,3505316.8,
ED1010,C010,A004,2024-Q1,1583347.0,INR,1583347.0,
ED1002,C002,A002,2024-Q2,1298949.0,INR,1298949.0,
ED1001,C001,A001,2019-Q3,4524919.0,INR,4524919.0,
ED1004,C004,A003,2019-Q3,2571209.0,INR,2571209.0,
ED1003,C003,A001,2020-Q3,3230011.0,INR,3230011.0,Festive push
ED1003,C003,A003,2020-Q4,1592124.0,INR,1592124.0,
ED1003,C003,A004,2023-Q3,44750.74,EUR,3803812.9,
ED1002,C002,A003,2024-Q1,4511324.0,INR,4511324.0,
ED1007,C007,A004,2024-Q4,4017641.0,INR,4017641.0,
ED1006,C006,A001,2021-Q4,36311.26,EUR,3086457.1,
ED1001,C001,A001,2022-Q2,2794391.0,INR,2794391.0,
ED1002,C002,A002,2022-Q1,2756304.0,INR,2756304.0,
ED1009,C009,A004,2024-Q3,4704138.0,INR,4704138.0,
ED1001,C001,A004,2023-Q3,4760181.0,INR,4760181.0,
ED1003,C003,A004,2020-Q1,4967293.0,INR,4967293.0,
ED1007,C007,A001,2021-Q3,37898.14,USD,3031851.2,
ED1005,C005,A001,2022-Q1,43994.16,USD,3519532.8000000003,
ED1008,C008,A003,2021-Q2,40375.03,EUR,3431877.55,
ED1001,C001,A003,2021-Q1,3639758.0,INR,3639758.0,
ED1008,C008,A003,2022-Q1,3344710.0,INR,3344710.0,
ED1004,C004,A003,2022-Q3,3383607.0,INR,3383607.0,
ED1008,C008,A003,2022-Q4,17798.29,USD,1423863.2000000002,
ED1005,C005,A003,2020-Q1,20528.2,EUR,1744897.0,
ED1006,C006,A003,2024-Q4,2926883.0,INR,2926883.0,
ED1002,C002,A003,2022-Q1,3019429.0,INR,3019429.0,
ED1002,C002,A004,2019-Q4,3136084.0,INR,3136084.0,
ED1001,C001,A002,2023-Q2,1013534.0,INR,1013534.0,
ED1010,C010,A002,2021-Q3,38031.75,USD,3042540.0,
ED1009,C009,A004,2019-Q1,1729353.0,INR,1729353.0,
ED1009,C009,A004,2020-Q1,4877131.0,INR,4877131.0,
ED1004,C004,A003,2024-Q2,50693.47,USD,4055477.6,
ED1004,C004,A001,2022-Q2,28096.59,EUR,2388210.15,
ED1009,C009,A001,2024-Q2,26211.27,EUR,2227957.95,
ED1005,C005,A002,2021-Q3,3851157.0,INR,3851157.0,
ED1001,C001,A001,2020-Q3,2333715.0,INR,2333715.0,
ED1004,C004,A002,2021-Q2,2403007.0,INR,2403007.0,
ED1006,C006,A003,2021-Q4,27882.13,EUR,2369981.0500000003,
ED1009,C009,A001,2021-Q2,21809.33,USD,1744746.4000000001,
ED1007,C007,A002,2024-Q3,1706575.0,INR,1706575.0,
ED1001,C001,A001,2024-Q1,59196.84,USD,4735747.199999999,
ED1003,C003,A001,2022-Q1,33478.51,USD,2678280.8000000003,
ED1008,C008,A001,2019-Q1,1945999.0,INR,1945999.0,
ED1001,C001,A002,2021-Q2,2506056.0,INR,2506056.0,
ED1003,C003,A004,2024-Q1,3996707.0,INR,3996707.0,
ED1010,C010,A001,2023-Q2,2911019.0,INR,2911019.0,
ED1004,C004,A003,2023-Q1,2686607.0,INR,2686607.0,
ED1005,C005,A003,2024-Q3,3801474.0,INR,3801474.0,
ED1007,C007,A001,2022-Q1,3985309.0,INR,3985309.0,
ED1010,C010,A001,2020-Q3,49752.39,USD,3980191.2,
ED1007,C007,A001,2020-Q2,2348389.0,INR,2348389.0,
ED1007,C007,A003,2019-Q1,4953284.0,INR,4953284.0,
ED1009,C009,A001,2022-Q3,3605109.0,INR,3605109.0,
ED1004,C004,A004,2022-Q2,2320062.0,INR,2320062.0,
ED1005,C005,A004,2024-Q2,4816160.0,INR,4816160.0,
ED1007,C007,A003,2019-Q3,2332937.0,INR,2332937.0,
ED1003,C003,A002,2021-Q3,4699320.0,INR,4699320.0,
ED1004,C004,A003,2020-Q4,3249448.0,INR,3249448.0,
ED1006,C006,A001,2024-Q3,4255942.0,INR,4255942.0,
ED1002,C002,A001,2024-Q2,1465133.0,INR,1465133.0,
ED1003,C003,A004,2023-Q2,4537278.0,INR,4537278.0,
ED1010,C010,A004,2021-Q1,47341.75,USD,3787340.0,
ED1003,C003,A004,2020-Q3,2155154.0,INR,2155154.0,
ED1005,C005,A002,2024-Q3,47952.71,EUR,4075980.35,
ED1009,C009,A004,2023-Q3,1464311.0,INR,1464311.0,
ED1007,C007,A002,2022-Q1,1488118.0,INR,1488118.0,
ED1009,C009,A001,2019-Q1,2337161.0,INR,2337161.0,
ED1007,C007,A002,2022-Q1,2247318.0,INR,2247318.0,
ED1005,C005,A003,2021-Q3,4888599.0,INR,4888599.0,
ED1008,C008,A004,2021-Q3,1460599.0,INR,1460599.0,
ED1002,C002,A003,2021-Q3,39951.23,EUR,3395854.5500000003,
ED1002,C002,A004,2022-Q3,4838223.0,INR,4838223.0,
ED1010,C010,A001,2021-Q2,36990.61,EUR,3144201.85,
ED1003,C003,A003,2024-Q3,1298402.0,INR,1298402.0,
ED1009,C009,A001,2024-Q4,4987124.0,INR,4987124.0,
ED1006,C006,A001,2020-Q4,59784.89,USD,4782791.2,
ED1002,C002,A003,2020-Q3,41752.86,USD,3340228.8,
ED1001,C001,A003,2019-Q3,3740973.0,INR,3740973.0,
ED1002,C002,A001,2020-Q2,2961688.0,INR,2961688.0,
ED1008,C008,A003,2022-Q2,1665511.0,INR,1665511.0,
ED1010,C010,A003,2022-Q2,16152.36,USD,1292188.8,
ED1008,C008,A003,2021-Q4,2351298.0,INR,2351298.0,
ED1008,C008,A004,2022-Q4,2521142.0,INR,2521142.0,
ED1009,C009,A002,2020-Q4,34789.14,USD,2783131.2,
ED1010,C010,A003,2023-Q1,3899226.0,INR,3899226.0,
ED1002,C002,A003,2024-Q3,45241.17,EUR,3845499.4499999997,
ED1001,C001,A003,2021-Q2,2543139.0,INR,2543139.0,Govt. reduced ad spend
ED1001,C001,A001,2022-Q3,3721926.0,INR,3721926.0,
ED1001,C001,A004,2022-Q3,1225358.0,INR,1225358.0,
ED1002,C002,A002,2019-Q1,2499244.0,INR,2499244.0,
ED1003,C003,A003,2020-Q4,4134867.0,INR,4134867.0,
ED1008,C008,A004,2023-Q2,14771.42,USD,1181713.6,
ED1009,C009,A003,2023-Q2,1897920.0,INR,1897920.0,
ED1001,C001,A001,2024-Q3,3069870.0,INR,3069870.0,
ED1001,C001,A001,2019-Q4,52793.56,EUR,4487452.6,
ED1005,C005,A004,2022-Q1,42132.88,USD,3370630.4,
ED1009,C009,A001,2019-Q4,3467112.0,INR,3467112.0,
ED1003,C003,A003,2021-Q4,4248571.0,INR,4248571.0,
ED1004,C004,A004,2024-Q4,4266866.0,INR,4266866.0,
ED1008,C008,A002,2022-Q3,2997151.0,INR,2997151.0,
ED1007,C007,A001,2019-Q1,2977322.0,INR,2977322.0,
ED1010,C010,A002,2022-Q1,15811.29,USD,1264903.2000000002,
ED1007,C007,A003,2020-Q3,2702224.0,INR,2702224.0,
ED1003,C003,A001,2021-Q4,4013954.0,INR,4013954.0,
ED1008,C008,A001,2019-Q4,2231616.0,INR,2231616.0,Price hike concern
ED1010,C010,A004,2019-Q1,1241017.0,INR,1241017.0,
ED1002,C002,A003,2019-Q4,4972321.0,INR,4972321.0,
ED1004,C004,A002,2019-Q1,4062573.0,INR,4062573.0,
ED1007,C007,A002,2023-Q2,3266025.0,INR,3266025.0,
ED1008,C008,A002,2019-Q2,4837738.0,INR,4837738.0,
ED1007,C007,A002,2021-Q4,18674.2,EUR,1587307.0,
ED1009,C009,A004,2022-Q4,4788760.0,INR,4788760.0,
ED1009,C009,A004,2023-Q4,1291000.0,INR,1291000.0,
ED1006,C006,A004,2024-Q1,41204.1,EUR,3502348.5,Seasonal drop in demand
ED1002,C002,A004,2019-Q3,4715699.0,INR,4715699.0,
ED1001,C001,A003,2020-Q4,2221235.0,INR,2221235.0,
ED1001,C001,A004,2020-Q2,4191570.0,INR,4191570.0,
ED1006,C006,A003,2023-Q2,57934.25,USD,4634740.0,
ED1007,C007,A004,2020-Q1,46908.53,USD,3752682.4,Real estate slowdown
ED1004,C004,A003,2023-Q4,4925856.0,INR,4925856.0,
ED1004,C004,A003,2021-Q3,3419540.0,INR,3419540.0,
ED1005,C005,A003,2019-Q3,59751.6,USD,4780128.0,
ED1008,C008,A003,2021-Q1,4324602.0,INR,4324602.0,
ED1007,C007,A001,2023-Q3,2589267.0,INR,2589267.0,
ED1004,C004,A003,2023-Q1,49486.83,EUR,4206380.55,
ED1006,C006,A002,2020-Q3,15537.52,EUR,1320689.2,
ED1005,C005,A003,2022-Q3,2724025.0,INR,2724025.0,
ED1005,C005,A004,2022-Q4,11305.0,EUR,960925.0,
ED1006,C006,A001,2024-Q2,1167061.0,INR,1167061.0,
ED1001,C001,A002,2019-Q4,3587082.0,INR,3587082.0,
ED1004,C004,A001,2021-Q4,4818857.0,INR,4818857.0,
ED1001,C001,A001,2020-Q4,1549024.0,INR,1549024.0,
ED1004,C004,A002,2019-Q2,1288919.0,INR,1288919.0,
ED1009,C009,A002,2023-Q2,2110041.0,INR,2110041.0,
ED1010,C010,A001,2023-Q3,3913874.0,INR,3913874.0,
ED1006,C006,A003,2019-Q1,22285.93,USD,1782874.4,Govt. reduced ad spend
ED1009,C009,A002,2021-Q1,37279.1,USD,2982328.0,
ED1003,C003,A003,2023-Q4,3053015.0,INR,3053015.0,
ED1006,C006,A004,2024-Q4,20895.01,EUR,1776075.8499999999,
ED1002,C002,A004,2020-Q4,4202938.0,INR,4202938.0,
ED1008,C008,A003,2023-Q3,1402920.0,INR,1402920.0,
ED1004,C004,A002,2024-Q3,51059.8,EUR,4340083.0,
ED1006,C006,A003,2022-Q4,3648057.0,INR,3648057.0,
ED1003,C003,A001,2022-Q2,4024129.0,INR,4024129.0,
ED1009,C009,A001,2019-Q2,2242474.0,INR,2242474.0,
ED1005,C005,A001,2021-Q1,58585.23,USD,4686818.4,
ED1003,C003,A004,2019-Q4,1446422.0,INR,1446422.0,
ED1002,C002,A003,2019-Q2,39841.8,USD,3187344.0,
ED1006,C006,A002,2019-Q1,1634846.0,INR,1634846.0,
ED1004,C004,A003,2024-Q1,4887198.0,INR,4887198.0,
ED1001,C001,A004,2024-Q3,3134304.0,INR,3134304.0,
ED1006,C006,A003,2023-Q1,2592351.0,INR,2592351.0,
ED1003,C003,A004,2022-Q3,2253751.0,INR,2253751.0,
ED1004,C004,A003,2023-Q3,49331.19,USD,3946495.2,
ED1004,C004,A004,2020-Q3,3012509.0,INR,3012509.0,Govt. reduced ad spend
ED1002,C002,A002,2020-Q2,1330897.0,INR,1330897.0,
ED1009,C009,A002,2021-Q4,1568681.0,INR,1568681.0,
ED1002,C002,A002,2022-Q4,1697820.0,INR,1697820.0,
ED1002,C002,A002,2023-Q2,4180639.0,INR,4180639.0,
ED1009,C009,A002,2020-Q1,3922189.0,INR,3922189.0,
ED1005,C005,A003,2019-Q1,2915863.0,INR,2915863.0,
ED1004,C004,A002,2020-Q4,1901392.0,INR,1901392.0,
ED1001,C001,A004,2019-Q1,1157667.0,INR,1157667.0,
ED1010,C010,A003,2024-Q2,2070061.0,INR,2070061.0,
ED1005,C005,A001,2022-Q3,2801446.0,INR,2801446.0,Real estate slowdown
ED1008,C008,A001,2020-Q1,2577548.0,INR,2577548.0,Seasonal drop in demand
ED1006,C006,A004,2019-Q4,4269401.0,INR,4269401.0,
ED1004,C004,A001,2024-Q1,4680238.0,INR,4680238.0,
ED1002,C002,A001,2022-Q3,3183906.0,INR,3183906.0,
ED1004,C004,A002,2020-Q1,1363891.0,INR,1363891.0,
ED1005,C005,A002,2022-Q4,1539522.0,INR,1539522.0,
ED1005,C005,A003,2023-Q4,23255.31,EUR,1976701.35,
ED1004,C004,A002,2023-Q4,4114010.0,INR,4114010.0,
ED1010,C010,A003,2022-Q2,1967075.0,INR,1967075.0,
ED1003,C003,A004,2019-Q1,26820.32,EUR,2279727.2,
ED1006,C006,A004,2023-Q2,38727.36,USD,3098188.8,
ED1006,C006,A002,2022-Q3,3740502.0,INR,3740502.0,
ED1010,C010,A001,2019-Q1,1568648.0,INR,1568648.0,
ED1008,C008,A004,2020-Q3,20679.37,EUR,1757746.45,
ED1004,C004,A001,2023-Q2,3872634.0,INR,3872634.0,
ED1007,C007,A001,2024-Q2,51413.87,EUR,4370178.95,
ED1005,C005,A001,2020-Q3,51301.63,EUR,4360638.55,Festive push
ED1005,C005,A004,2020-Q4,2346714.0,INR,2346714.0,
ED1001,C001,A004,2022-Q4,1700429.0,INR,1700429.0,
ED1004,C004,A001,2022-Q4,1730145.0,INR,1730145.0,
ED1003,C003,A001,2023-Q2,34339.28,EUR,2918838.8,
ED1010,C010,A003,2024-Q4,1788698.0,INR,1788698.0,
ED1009,C009,A003,2021-Q1,3652377.0,INR,3652377.0,
ED1002,C002,A002,2021-Q4,2362968.0,INR,2362968.0,
ED1007,C007,A003,2024-Q1,38350.06,EUR,3259755.0999999996,
ED1008,C008,A004,2021-Q4,1943532.0,INR,1943532.0,
ED1005,C005,A003,2024-Q1,3299534.0,INR,3299534.0,
ED1002,C002,A004,2021-Q2,55147.91,EUR,4687572.350000001,
ED1006,C006,A001,2022-Q2,23685.67,EUR,2013281.95,
ED1009,C009,A002,2024-Q3,2545604.0,INR,2545604.0,
ED1008,C008,A001,2020-Q2,23110.02,USD,1848801.6,
ED1006,C006,A002,2019-Q1,4673238.0,INR,4673238.0,
ED1003,C003,A003,2021-Q4,2257263.0,INR,2257263.0,
ED1005,C005,A001,2020-Q2,37692.81,EUR,3203888.8499999996,
ED1009,C009,A004,2022-Q2,3795400.0,INR,3795400.0,
ED1010,C010,A003,2022-Q3,30933.67,EUR,2629361.9499999997,
ED1003,C003,A001,2019-Q2,4636340.0,INR,4636340.0,
ED1002,C002,A003,2023-Q2,29249.16,USD,2339932.8,
ED1008,C008,A004,2024-Q2,1139960.0,INR,1139960.0,
ED1009,C009,A001,2023-Q1,4601761.0,INR,4601761.0,
ED1003,C003,A002,2022-Q2,3429276.0,INR,3429276.0,
ED1010,C010,A003,2022-Q3,1813545.0,INR,1813545.0,
ED1006,C006,A003,2024-Q2,4734800.0,INR,4734800.0,
ED1006,C006,A002,2019-Q4,3038452.0,INR,3038452.0,
ED1010,C010,A002,2024-Q1,2432030.0,INR,2432030.0,
ED1008,C008,A004,2020-Q1,3167891.0,INR,3167891.0,
ED1005,C005,A004,2021-Q4,2067307.0,INR,2067307.0,
ED1010,C010,A002,2023-Q3,3008673.0,INR,3008673.0,
ED1002,C002,A003,2024-Q4,30410.39,USD,2432831.2,
ED1002,C002,A004,2024-Q4,1736314.0,INR,1736314.0,
ED1006,C006,A001,2024-Q2,20777.43,EUR,1766081.55,
ED1005,C005,A001,2021-Q3,35180.25,USD,2814420.0,
ED1001,C001,A003,2020-Q3,3607897.0,INR,3607897.0,
ED1003,C003,A003,2021-Q2,2319824.0,INR,2319824.0,Price hike concern
ED1009,C009,A002,2019-Q3,3683837.0,INR,3683837.0,
ED1005,C005,A003,2021-Q1,4958980.0,INR,4958980.0,
ED1010,C010,A003,2020-Q4,4013324.0,INR,4013324.0,
ED1001,C001,A001,2020-Q1,2196738.0,INR,2196738.0,
ED1005,C005,A001,2020-Q2,21143.66,EUR,1797211.1,
ED1005,C005,A004,2024-Q3,3124393.0,INR,3124393.0,Govt. reduced ad spend
ED1001,C001,A002,2021-Q1,15187.66,EUR,1290951.1,
ED1008,C008,A003,2021-Q3,3602288.0,INR,3602288.0,
ED1003,C003,A002,2021-Q1,35624.82,EUR,3028109.7,
ED1001,C001,A001,2022-Q1,2467151.0,INR,2467151.0,
ED1008,C008,A001,2024-Q3,1440157.0,INR,1440157.0,
ED1004,C004,A003,2021-Q2,23117.24,USD,1849379.2000000002,
ED1005,C005,A003,2019-Q4,39529.81,USD,3162384.8,
ED1007,C007,A001,2021-Q4,2910074.0,INR,2910074.0,
ED1004,C004,A004,2023-Q3,3464732.0,INR,3464732.0,New FMCG client onboarded
ED1003,C003,A001,2019-Q4,41749.7,EUR,3548724.4999999995,
ED1002,C002,A002,2023-Q3,49986.7,USD,3998936.0,
ED1010,C010,A003,2021-Q3,2361346.0,INR,2361346.0,Price hike concern
ED1005,C005,A002,2023-Q2,4410443.0,INR,4410443.0,
ED1004,C004,A001,2024-Q4,4810814.0,INR,4810814.0,
ED1002,C002,A002,2022-Q2,4984162.0,INR,4984162.0,
ED1006,C006,A001,2022-Q1,2236757.0,INR,2236757.0,
ED1003,C003,A003,2021-Q2,4221131.0,INR,4221131.0,
ED1008,C008,A001,2019-Q3,3072966.0,INR,3072966.0,
ED1010,C010,A004,2023-Q1,2331273.0,INR,2331273.0,
ED1001,C001,A002,2023-Q4,4878582.0,INR,4878582.0,
ED1010,C010,A003,2019-Q4,1433676.0,INR,1433676.0,
ED1004,C004,A001,2019-Q3,4477898.0,INR,4477898.0,
ED1004,C004,A004,2024-Q2,3762752.0,INR,3762752.0,
ED1001,C001,A003,2020-Q2,3106488.0,INR,3106488.0,
ED1010,C010,A003,2024-Q4,1971646.0,INR,1971646.0,
ED1005,C005,A004,2021-Q4,4560605.0,INR,4560605.0,
ED1004,C004,A002,2022-Q2,52645.82,EUR,4474894.7,
ED1007,C007,A003,2020-Q2,1113633.0,INR,1113633.0,
ED1010,C010,A004,2022-Q2,3171928.0,INR,3171928.0,
ED1003,C003,A002,2022-Q4,4872915.0,INR,4872915.0,
ED1008,C008,A002,2024-Q4,4506722.0,INR,4506722.0,
ED1009,C009,A001,2023-Q4,4786886.0,INR,4786886.0,
ED1007,C007,A003,2019-Q2,51670.81,EUR,4392018.85,
ED1002,C002,A003,2020-Q4,2708457.0,INR,2708457.0,
ED1003,C003,A002,2022-Q1,4550543.0,INR,4550543.0,
ED1005,C005,A003,2020-Q1,1069470.0,INR,1069470.0,
ED1010,C010,A001,2023-Q4,1717472.0,INR,1717472.0,
ED1008,C008,A001,2021-Q1,2650525.0,INR,2650525.0,
ED1007,C007,A003,2023-Q3,2937499.0,INR,2937499.0,
ED1007,C007,A003,2023-Q2,1917336.0,INR,1917336.0,
ED1009,C009,A001,2023-Q4,21744.55,USD,1739564.0,
ED1009,C009,A003,2020-Q3,1446083.0,INR,1446083.0,
ED1001,C001,A003,2019-Q2,2783959.0,INR,2783959.0,
ED1010,C010,A004,2023-Q4,22582.33,EUR,1919498.05,
ED1001,C001,A004,2022-Q4,2257381.0,INR,2257381.0,
ED1006,C006,A004,2024-Q3,1448247.0,INR,1448247.0,
ED1008,C008,A003,2022-Q1,1589196.0,INR,1589196.0,
ED1003,C003,A001,2021-Q2,16475.22,USD,1318017.6,
ED1001,C001,A001,2020-Q2,1548511.0,INR,1548511.0,
ED1001,C001,A003,2023-Q1,1621044.0,INR,1621044.0,Price hike concern
ED1010,C010,A002,2022-Q4,4967832.0,INR,4967832.0,
ED1010,C010,A001,2019-Q4,1889735.0,INR,1889735.0,
ED1001,C001,A004,2019-Q2,2173878.0,INR,2173878.0,
ED1007,C007,A003,2023-Q1,3509884.0,INR,3509884.0,
ED1007,C007,A003,2019-Q4,54711.36,USD,4376908.8,
ED1005,C005,A004,2021-Q2,2267404.0,INR,2267404.0,
ED1010,C010,A003,2020-Q1,2435643.0,INR,2435643.0,
ED1004,C004,A001,2024-Q3,3823559.0,INR,3823559.0,
ED1002,C002,A003,2021-Q1,4173283.0,INR,4173283.0,
ED1004,C004,A003,2024-Q4,2938517.0,INR,2938517.0,
ED1007,C007,A002,2019-Q4,1370821.0,INR,1370821.0,
ED1004,C004,A001,2019-Q4,4016088.0,INR,4016088.0,
ED1001,C001,A001,2021-Q1,48110.01,EUR,4089350.85,
ED1010,C010,A004,2020-Q2,3061306.0,INR,3061306.0,
ED1004,C004,A003,2022-Q4,3494727.0,INR,3494727.0,
ED1001,C001,A002,2023-Q1,30228.93,EUR,2569459.05,
ED1006,C006,A001,2019-Q2,3890750.0,INR,3890750.0,
ED1004,C004,A003,2020-Q1,3304212.0,INR,3304212.0,
ED1001,C001,A003,2022-Q1,24385.07,EUR,2072730.95,
ED1003,C003,A002,2020-Q1,33546.32,EUR,2851437.2,
ED1004,C004,A001,2020-Q4,3816051.0,INR,3816051.0,
ED1010,C010,A002,2022-Q3,15046.42,EUR,1278945.7,
ED1006,C006,A004,2020-Q1,38802.59,EUR,3298220.15,
ED1006,C006,A003,2019-Q4,33936.51,EUR,2884603.35,
ED1003,C003,A001,2021-Q3,48218.2,EUR,4098546.9999999995,
ED1009,C009,A003,2021-Q4,49280.83,EUR,4188870.5500000003,
ED1002,C002,A003,2023-Q3,3689392.0,INR,3689392.0,
ED1008,C008,A003,2021-Q1,22624.54,EUR,1923085.9000000001,
ED1003,C003,A001,2023-Q1,4893012.0,INR,4893012.0,
ED1009,C009,A002,2022-Q1,3964411.0,INR,3964411.0,
ED1009,C009,A001,2022-Q3,2342218.0,INR,2342218.0,
ED1007,C007,A004,2021-Q1,3862439.0,INR,3862439.0,
ED1010,C010,A004,2020-Q4,4980925.0,INR,4980925.0,
ED1007,C007,A002,2023-Q1,1421291.0,INR,1421291.0,
ED1010,C010,A001,2022-Q4,2364194.0,INR,2364194.0,
ED1009,C009,A001,2020-Q4,2968799.0,INR,2968799.0,
ED1009,C009,A003,2022-Q3,55165.43,EUR,4689061.55,
ED1001,C001,A001,2024-Q3,4582286.0,INR,4582286.0,
ED1007,C007,A004,2022-Q2,34710.31,EUR,2950376.3499999996,
ED1003,C003,A004,2021-Q1,2316140.0,INR,2316140.0,
ED1007,C007,A001,2020-Q1,3497742.0,INR,3497742.0,
ED1007,C007,A003,2022-Q4,4780497.0,INR,4780497.0,
ED1003,C003,A003,2020-Q3,3877434.0,INR,3877434.0,
ED1005,C005,A002,2020-Q4,49535.57,USD,3962845.6,
ED1003,C003,A001,2023-Q1,3185748.0,INR,3185748.0,
ED1008,C008,A003,2019-Q3,2873833.0,INR,2873833.0,Real estate slowdown
ED1006,C006,A003,2019-Q2,1422981.0,INR,1422981.0,
ED1006,C006,A003,2020-Q4,55483.16,USD,4438652.800000001,
ED1010,C010,A003,2019-Q1,2035190.0,INR,2035190.0,
ED1008,C008,A002,2020-Q2,22813.23,EUR,1939124.55,
ED1003,C003,A004,2019-Q3,4985211.0,INR,4985211.0,
ED1007,C007,A001,2023-Q1,2006650.0,INR,2006650.0,
ED1007,C007,A002,2024-Q2,3620989.0,INR,3620989.0,
ED1004,C004,A004,2019-Q4,3442364.0,INR,3442364.0,
ED1009,C009,A003,2022-Q2,1813467.0,INR,1813467.0,
ED1009,C009,A001,2020-Q2,4981686.0,INR,4981686.0,Price hike concern
ED1002,C002,A004,2021-Q3,33423.65,USD,2673892.0,
ED1006,C006,A002,2024-Q1,24914.08,USD,1993126.4000000001,
ED1006,C006,A001,2023-Q4,4468958.0,INR,4468958.0,Festive push
ED1010,C010,A002,2019-Q3,34801.63,EUR,2958138.55,
ED1008,C008,A004,2022-Q2,37911.13,EUR,3222446.05,
ED1002,C002,A003,2019-Q1,1126588.0,INR,1126588.0,
ED1002,C002,A001,2022-Q3,4175234.0,INR,4175234.0,
ED1006,C006,A001,2022-Q4,3108487.0,INR,3108487.0,
ED1010,C010,A003,2022-Q4,1962982.0,INR,1962982.0,
ED1002,C002,A003,2022-Q4,4966317.0,INR,4966317.0,
ED1001,C001,A003,2023-Q2,4669703.0,INR,4669703.0,
ED1003,C003,A001,2019-Q3,4007884.0,INR,4007884.0,
ED1006,C006,A003,2022-Q3,23576.39,EUR,2003993.15,
ED1010,C010,A003,2021-Q2,3085027.0,INR,3085027.0,
ED1003,C003,A001,2024-Q2,2343727.0,INR,2343727.0,
ED1007,C007,A003,2023-Q4,23946.39,EUR,2035443.15,
ED1008,C008,A001,2019-Q4,4297881.0,INR,4297881.0,
ED1007,C007,A001,2024-Q3,4676770.0,INR,4676770.0,
ED1008,C008,A004,2023-Q1,4986784.0,INR,4986784.0,
ED1001,C001,A004,2019-Q3,2410985.0,INR,2410985.0,
ED1009,C009,A001,2019-Q3,2121905.0,INR,2121905.0,Seasonal drop in demand
ED1001,C001,A001,2022-Q1,29408.76,EUR,2499744.6,
ED1007,C007,A001,2020-Q3,1651218.0,INR,1651218.0,
ED1002,C002,A002,2024-Q3,13010.41,USD,1040832.8,
ED1004,C004,A003,2022-Q1,1805533.0,INR,1805533.0,
ED1005,C005,A004,2020-Q2,4342961.0,INR,4342961.0,
ED1009,C009,A001,2019-Q4,4946735.0,INR,4946735.0,
ED1008,C008,A004,2022-Q2,2400998.0,INR,2400998.0,
ED1006,C006,A001,2019-Q3,13498.81,EUR,1147398.8499999999,
ED1001,C001,A003,2023-Q4,1935650.0,INR,1935650.0,
ED1002,C002,A003,2022-Q2,1132827.0,INR,1132827.0,
ED1008,C008,A003,2020-Q1,1284777.0,INR,1284777.0,
ED1008,C008,A002,2020-Q4,1144678.0,INR,1144678.0,
ED1009,C009,A001,2024-Q2,3173394.0,INR,3173394.0,
ED1004,C004,A002,2022-Q4,1148038.0,INR,1148038.0,
ED1009,C009,A001,2021-Q2,2275804.0,INR,2275804.0,
ED1005,C005,A002,2019-Q4,23777.63,EUR,2021098.55,
ED1007,C007,A001,2022-Q4,34206.77,USD,2736541.5999999996,
ED1006,C006,A003,2023-Q3,43606.69,USD,3488535.2,
ED1003,C003,A001,2019-Q3,4456931.0,INR,4456931.0,
ED1007,C007,A002,2019-Q1,4532792.0,INR,4532792.0,
ED1008,C008,A003,2024-Q3,2913507.0,INR,2913507.0,
ED1007,C007,A003,2019-Q3,25419.59,EUR,2160665.15,
ED1010,C010,A001,2021-Q4,22988.17,EUR,1953994.45,
ED1004,C004,A003,2023-Q1,2164635.0,INR,2164635.0,
ED1009,C009,A004,2023-Q1,42391.37,USD,3391309.6,
ED1005,C005,A001,2024-Q4,2911066.0,INR,2911066.0,
ED1009,C009,A002,2024-Q1,2835620.0,INR,2835620.0,
ED1007,C007,A004,2023-Q3,27144.1,EUR,2307248.5,
ED1003,C003,A002,2019-Q2,1889084.0,INR,1889084.0,
ED1003,C003,A001,2019-Q1,2958468.0,INR,2958468.0,
ED1008,C008,A004,2020-Q4,4540171.0,INR,4540171.0,
ED1010,C010,A003,2020-Q3,4185890.0,INR,4185890.0,
ED1008,C008,A002,2021-Q4,2511683.0,INR,2511683.0,
ED1005,C005,A001,2024-Q1,3635048.0,INR,3635048.0,
ED1007,C007,A004,2021-Q3,3994862.0,INR,3994862.0,
ED1005,C005,A003,2022-Q1,3257281.0,INR,3257281.0,
ED1003,C003,A002,2022-Q3,4246611.0,INR,4246611.0,
ED1002,C002,A001,2023-Q2,1007440.0,INR,1007440.0,
ED1009,C009,A003,2021-Q4,2446120.0,INR,2446120.0,
ED1002,C002,A003,2024-Q4,4493893.0,INR,4493893.0,
ED1010,C010,A001,2022-Q1,1048719.0,INR,1048719.0,
ED1003,C003,A002,2023-Q2,2682267.0,INR,2682267.0,
ED1004,C004,A004,2024-Q2,4408072.0,INR,4408072.0,
ED1005,C005,A001,2019-Q2,1441950.0,INR,1441950.0,
ED1006,C006,A003,2022-Q2,2973670.0,INR,2973670.0,
ED1002,C002,A003,2023-Q1,49507.6,USD,3960608.0,
ED1003,C003,A003,2022-Q2,4711892.0,INR,4711892.0,
ED1003,C003,A002,2023-Q4,1602294.0,INR,1602294.0,
ED1007,C007,A003,2019-Q3,1040707.0,INR,1040707.0,
ED1004,C004,A001,2021-Q3,3602816.0,INR,3602816.0,
ED1006,C006,A002,2023-Q3,3736649.0,INR,3736649.0,
ED1009,C009,A003,2024-Q1,3068334.0,INR,3068334.0,
ED1002,C002,A001,2023-Q4,4557145.0,INR,4557145.0,
ED1006,C006,A001,2022-Q3,2584494.0,INR,2584494.0,
ED1010,C010,A001,2021-Q3,45408.87,EUR,3859753.95,
ED1008,C008,A003,2023-Q3,59989.33,USD,4799146.4,
ED1004,C004,A003,2019-Q2,2572015.0,INR,2572015.0,
ED1010,C010,A002,2019-Q2,18776.23,EUR,1595979.55,
ED1009,C009,A003,2021-Q2,4684030.0,INR,4684030.0,
ED1010,C010,A004,2019-Q3,24847.89,USD,1987831.2,
ED1009,C009,A003,2020-Q3,1371953.0,INR,1371953.0,
ED1006,C006,A003,2021-Q1,32130.26,EUR,2731072.1,Price hike concern
ED1010,C010,A002,2023-Q1,3081065.0,INR,3081065.0,
ED1008,C008,A001,2019-Q2,38480.02,EUR,3270801.6999999997,
ED1004,C004,A003,2023-Q2,4961514.0,INR,4961514.0,
ED1007,C007,A002,2019-Q4,3446022.0,INR,3446022.0,
ED1007,C007,A003,2024-Q2,44813.64,USD,3585091.2,
ED1002,C002,A004,2022-Q2,3894529.0,INR,3894529.0,
ED1004,C004,A001,2020-Q2,1711910.0,INR,1711910.0,
ED1009,C009,A003,2023-Q1,19196.84,USD,1535747.2,
ED1006,C006,A002,2020-Q1,49948.29,USD,3995863.2,
ED1004,C004,A002,2020-Q2,42434.93,EUR,3606969.05,
ED1008,C008,A004,2024-Q2,1714777.0,INR,1714777.0,
ED1005,C005,A002,2021-Q2,58809.96,USD,4704796.8,
ED1006,C006,A001,2023-Q1,3556118.0,INR,3556118.0,
ED1009,C009,A003,2024-Q3,3242780.0,INR,3242780.0,
ED1005,C005,A002,2024-Q4,4284607.0,INR,4284607.0,
ED1004,C004,A003,2022-Q3,4130337.0,INR,4130337.0,
ED1004,C004,A003,2024-Q3,1226711.0,INR,1226711.0,
ED1006,C006,A004,2020-Q2,2848489.0,INR,2848489.0,
ED1006,C006,A003,2021-Q1,34110.72,USD,2728857.6,
ED1004,C004,A001,2019-Q3,4186647.0,INR,4186647.0,
ED1010,C010,A002,2021-Q4,30534.02,EUR,2595391.7,
ED1009,C009,A002,2019-Q4,47187.63,EUR,4010948.55,
ED1007,C007,A004,2022-Q2,18283.01,USD,1462640.7999999998,
ED1005,C005,A001,2023-Q4,3943869.0,INR,3943869.0,
ED1008,C008,A003,2019-Q1,1629690.0,INR,1629690.0,
ED1010,C010,A004,2024-Q1,46596.27,USD,3727701.5999999996,
ED1010,C010,A003,2020-Q2,50542.95,USD,4043436.0,
ED1009,C009,A004,2024-Q4,19207.25,USD,1536580.0,
ED1009,C009,A003,2022-Q1,4592455.0,INR,4592455.0,
ED1009,C009,A004,2021-Q3,27018.28,USD,2161462.4,Seasonal drop in demand
ED1008,C008,A001,2023-Q2,4967532.0,INR,4967532.0,
ED1009,C009,A003,2019-Q1,21876.51,EUR,1859503.3499999999,
ED1002,C002,A001,2020-Q1,2646238.0,INR,2646238.0,
ED1004,C004,A003,2021-Q1,25762.24,USD,2060979.2000000002,
ED1003,C003,A004,2020-Q2,2017027.0,INR,2017027.0,Festive push
ED1008,C008,A004,2020-Q3,1878059.0,INR,1878059.0,
ED1001,C001,A001,2021-Q4,2104949.0,INR,2104949.0,
ED1008,C008,A001,2022-Q1,2665096.0,INR,2665096.0,
ED1003,C003,A001,2021-Q1,45565.06,EUR,3873030.0999999996,
ED1009,C009,A002,2022-Q2,1005833.0,INR,1005833.0,
ED1009,C009,A003,2021-Q3,2349198.0,INR,2349198.0,
ED1010,C010,A002,2021-Q2,3397133.0,INR,3397133.0,
ED1002,C002,A001,2020-Q4,2676615.0,INR,2676615.0,New FMCG client onboarded
ED1008,C008,A002,2023-Q4,4234838.0,INR,4234838.0,
ED1004,C004,A001,2021-Q1,2456742.0,INR,2456742.0,
ED1008,C008,A004,2024-Q4,1607664.0,INR,1607664.0,
ED1007,C007,A004,2021-Q2,1700195.0,INR,1700195.0,
ED1008,C008,A003,2023-Q1,32444.49,USD,2595559.2,
ED1009,C009,A004,2023-Q3,3402477.0,INR,3402477.0,
ED1003,C003,A002,2024-Q1,3664114.0,INR,3664114.0,
ED1006,C006,A001,2021-Q3,16038.69,USD,1283095.2,
ED1006,C006,A003,2022-Q1,4117736.0,INR,4117736.0,
ED1009,C009,A001,2021-Q3,2170763.0,INR,2170763.0,
ED1004,C004,A004,2019-Q1,2809027.0,INR,2809027.0,
ED1001,C001,A001,2019-Q2,3695135.0,INR,3695135.0,
ED1009,C009,A003,2024-Q2,1478853.0,INR,1478853.0,
ED1008,C008,A001,2022-Q3,4738474.0,INR,4738474.0,
ED1002,C002,A004,2021-Q1,4774237.0,INR,4774237.0,
ED1008,C008,A003,2024-Q4,39884.89,USD,3190791.2,
ED1006,C006,A001,2022-Q4,2169207.0,INR,2169207.0,
ED1007,C007,A003,2024-Q4,4974528.0,INR,4974528.0,
ED1001,C001,A003,2022-Q4,4772787.0,INR,4772787.0,
ED1001,C001,A002,2021-Q3,55134.24,USD,4410739.2,
ED1003,C003,A001,2023-Q3,1973364.0,INR,1973364.0,
ED1002,C002,A001,2024-Q1,1394357.0,INR,1394357.0,
ED1001,C001,A001,2021-Q2,3966415.0,INR,3966415.0,
ED1009,C009,A001,2023-Q3,21459.14,EUR,1824026.9,
ED1004,C004,A002,2020-Q1,1570853.0,INR,1570853.0,
ED1007,C007,A001,2023-Q4,1612425.0,INR,1612425.0,
ED1006,C006,A001,2020-Q3,1623335.0,INR,1623335.0,
ED1005,C005,A001,2019-Q1,36491.02,USD,2919281.5999999996,
ED1006,C006,A002,2023-Q4,12290.23,USD,983218.3999999999,
ED1006,C006,A003,2021-Q3,27832.44,EUR,2365757.4,New FMCG client onboarded
ED1009,C009,A002,2020-Q2,4660210.0,INR,4660210.0,
ED1007,C007,A003,2024-Q3,2336952.0,INR,2336952.0,
ED1002,C002,A003,2024-Q3,1283216.0,INR,1283216.0,
ED1001,C001,A004,2024-Q1,27265.55,USD,2181244.0,
ED1007,C007,A002,2022-Q2,2425602.0,INR,2425602.0,
ED1002,C002,A003,2023-Q3,4724579.0,INR,4724579.0,
ED1010,C010,A004,2023-Q2,2676505.0,INR,2676505.0,
ED1008,C008,A001,2020-Q2,1271035.0,INR,1271035.0,
ED1001,C001,A001,2024-Q2,18571.84,EUR,1578606.4,
ED1001,C001,A003,2020-Q1,4541077.0,INR,4541077.0,
ED1003,C003,A003,2020-Q1,40112.34,EUR,3409548.9,
ED1001,C001,A001,2022-Q2,3205772.0,INR,3205772.0,
ED1007,C007,A004,2024-Q1,2112519.0,INR,2112519.0,
ED1006,C006,A001,2020-Q3,3687266.0,INR,3687266.0,
ED1003,C003,A001,2022-Q3,4205147.0,INR,4205147.0,
ED1004,C004,A003,2019-Q1,2265768.0,INR,2265768.0,
ED1001,C001,A002,2023-Q2,2483459.0,INR,2483459.0,
ED1005,C005,A001,2023-Q1,2150662.0,INR,2150662.0,Festive push
ED1005,C005,A002,2019-Q3,2500877.0,INR,2500877.0,
ED1004,C004,A003,2021-Q4,2039998.0,INR,2039998.0,
ED1007,C007,A003,2021-Q2,4260601.0,INR,4260601.0,Real estate slowdown
ED1007,C007,A001,2020-Q4,1338225.0,INR,1338225.0,
ED1010,C010,A003,2024-Q4,4377444.0,INR,4377444.0,
ED1004,C004,A004,2023-Q2,2622090.0,INR,2622090.0,
ED1003,C003,A001,2023-Q4,2948726.0,INR,2948726.0,
ED1003,C003,A001,2020-Q2,2045271.0,INR,2045271.0,Festive push
ED1008,C008,A001,2023-Q2,16232.37,USD,1298589.6,
ED1006,C006,A004,2022-Q2,16558.55,USD,1324684.0,
ED1007,C007,A001,2022-Q3,3711664.0,INR,3711664.0,
ED1002,C002,A003,2021-Q4,3150304.0,INR,3150304.0,
ED1008,C008,A003,2024-Q1,31314.54,EUR,2661735.9,
ED1006,C006,A001,2021-Q2,26069.72,EUR,2215926.2,
ED1001,C001,A002,2019-Q1,4435378.0,INR,4435378.0,
ED1010,C010,A002,2020-Q4,1990495.0,INR,1990495.0,
ED1008,C008,A003,2023-Q4,1096674.0,INR,1096674.0,
ED1002,C002,A001,2019-Q3,2936467.0,INR,2936467.0,
ED1003,C003,A001,2024-Q1,30418.09,EUR,2585537.65,
ED1001,C001,A003,2021-Q4,30490.96,USD,2439276.8,
ED1008,C008,A003,2019-Q2,3170086.0,INR,3170086.0,
ED1006,C006,A004,2024-Q3,4540957.0,INR,4540957.0,
ED1007,C007,A003,2020-Q4,3184920.0,INR,3184920.0,
ED1006,C006,A004,2019-Q3,4030737.0,INR,4030737.0,
ED1002,C002,A001,2020-Q3,40774.12,USD,3261929.6,
ED1005,C005,A003,2023-Q2,37086.6,USD,2966928.0,
ED1008,C008,A002,2024-Q1,4624074.0,INR,4624074.0,
ED1005,C005,A002,2023-Q4,4129239.0,INR,4129239.0,
ED1004,C004,A004,2021-Q1,35273.36,EUR,2998235.6,
ED1001,C001,A004,2020-Q1,3709171.0,INR,3709171.0,
ED1005,C005,A003,2021-Q2,1190378.0,INR,1190378.0,
ED1009,C009,A002,2021-Q1,1654700.0,INR,1654700.0,
ED1006,C006,A001,2021-Q2,4989760.0,INR,4989760.0,
ED1004,C004,A004,2023-Q4,2078245.0,INR,2078245.0,
ED1003,C003,A002,2020-Q4,12273.08,USD,981846.4,
ED1010,C010,A003,2024-Q2,1682639.0,INR,1682639.0,
ED1009,C009,A001,2024-Q4,2630209.0,INR,2630209.0,
ED1007,C007,A004,2023-Q2,1600593.0,INR,1600593.0,
ED1010,C010,A002,2023-Q3,2398271.0,INR,2398271.0,
ED1008,C008,A002,2019-Q1,1676873.0,INR,1676873.0,
ED1004,C004,A002,2021-Q2,3087268.0,INR,3087268.0,
ED1008,C008,A003,2024-Q1,2895087.0,INR,2895087.0,Govt. reduced ad spend
ED1008,C008,A004,2023-Q4,4705301.0,INR,4705301.0,Festive push
ED1003,C003,A001,2022-Q4,1450598.0,INR,1450598.0,
ED1007,C007,A001,2022-Q3,2773154.0,INR,2773154.0,
ED1010,C010,A004,2021-Q4,2003505.0,INR,2003505.0,
ED1008,C008,A001,2019-Q3,36663.01,EUR,3116355.85,
ED1001,C001,A002,2023-Q4,48288.12,EUR,4104490.2,
ED1007,C007,A004,2022-Q3,39750.9,USD,3180072.0,
ED1008,C008,A001,2023-Q3,1294633.0,INR,1294633.0,Seasonal drop in demand
ED1004,C004,A003,2022-Q1,1463619.0,INR,1463619.0,
ED1001,C001,A004,2020-Q4,1635330.0,INR,1635330.0,
ED1005,C005,A001,2021-Q1,1298054.0,INR,1298054.0,
ED1007,C007,A001,2021-Q2,48055.07,USD,3844405.6,
ED1003,C003,A002,2020-Q2,16390.19,USD,1311215.2,
ED1004,C004,A001,2024-Q1,4137507.0,INR,4137507.0,
ED1003,C003,A003,2022-Q4,4320534.0,INR,4320534.0,
ED1006,C006,A001,2021-Q1,4951068.0,INR,4951068.0,
ED1006,C006,A001,2023-Q2,1928197.0,INR,1928197.0,
ED1007,C007,A004,2023-Q4,2774254.0,INR,2774254.0,
ED1005,C005,A003,2023-Q3,4163232.0,INR,4163232.0,
ED1005,C005,A003,2020-Q3,1986578.0,INR,1986578.0,
ED1010,C010,A004,2020-Q1,3454438.0,INR,3454438.0,New FMCG client onboarded
ED1002,C002,A002,2023-Q4,3263186.0,INR,3263186.0,
ED1010,C010,A002,2020-Q2,17146.08,USD,1371686.4000000001,Price hike concern
ED1002,C002,A002,2021-Q2,1599170.0,INR,1599170.0,
ED1006,C006,A001,2020-Q1,4563048.0,INR,4563048.0,
ED1002,C002,A004,2020-Q2,3624128.0,INR,3624128.0,
ED1007,C007,A001,2021-Q1,1095249.0,INR,1095249.0,
ED1005,C005,A003,2022-Q3,14633.61,USD,1170688.8,
ED1003,C003,A003,2024-Q4,2368313.0,INR,2368313.0,
ED1007,C007,A003,2021-Q4,2062449.0,INR,2062449.0,
ED1002,C002,A001,2023-Q1,2867547.0,INR,2867547.0,
ED1009,C009,A004,2022-Q1,4945671.0,INR,4945671.0,
ED1001,C001,A001,2020-Q3,2179280.0,INR,2179280.0,
ED1010,C010,A001,2023-Q2,49436.5,EUR,4202102.5,
ED1001,C001,A004,2024-Q4,1796584.0,INR,1796584.0,
ED1002,C002,A004,2021-Q4,3341770.0,INR,3341770.0,
ED1004,C004,A001,2023-Q3,35322.16,USD,2825772.8000000003,
ED1007,C007,A002,2019-Q2,4981620.0,INR,4981620.0,
ED1002,C002,A003,2021-Q3,17092.9,USD,1367432.0,Real estate slowdown
